{
  "tag_acc": 0.9739326942,
  "sents_p": 0.9556722689,
  "sents_r": 0.9505071335,
  "sents_f": 0.9478070632,
  "ents_p": 0.8295484728,
  "ents_r": 0.8127202351,
  "ents_f": 0.8210481349,
  "ents_per_type": {
    "LOC": {
      "p": 0.8493413174,
      "r": 0.849239612,
      "f": 0.8492904616
    },
    "PER": {
      "p": 0.8579328142,
      "r": 0.8801588427,
      "f": 0.8689037196
    },
    "MISC": {
      "p": 0.7808343199,
      "r": 0.6999188464,
      "f": 0.7381657779
    },
    "ORG": {
      "p": 0.7703585657,
      "r": 0.7266987372,
      "f": 0.747892009
    }
  },
  "speed": 8366.0270859797,
  "token_acc": 0.999603615,
  "token_p": 0.9991808044,
  "token_r": 0.9990356034,
  "token_f": 0.9991081986,
  "pos_acc": 0.9800778385,
  "morph_acc": 0.9068634901,
  "morph_micro_p": 0.950483449,
  "morph_micro_r": 0.9516647018,
  "morph_micro_f": 0.9510737086,
  "morph_per_feat": {
    "Case": {
      "p": 0.9107695621,
      "r": 0.9129813011,
      "f": 0.9118740904
    },
    "Definite": {
      "p": 0.9957844366,
      "r": 0.9968065693,
      "f": 0.9962952408
    },
    "Gender": {
      "p": 0.9267531019,
      "r": 0.938078573,
      "f": 0.9323814466
    },
    "Number": {
      "p": 0.9705439989,
      "r": 0.9716006486,
      "f": 0.9710720363
    },
    "PronType": {
      "p": 0.9920344631,
      "r": 0.9896213411,
      "f": 0.9908264329
    },
    "Degree": {
      "p": 0.97485051,
      "r": 0.967533601,
      "f": 0.9711782742
    },
    "VerbForm": {
      "p": 0.9531768992,
      "r": 0.9552238806,
      "f": 0.9541992921
    },
    "Mood": {
      "p": 0.9645603477,
      "r": 0.9567235948,
      "f": 0.9606259885
    },
    "Person": {
      "p": 0.9752468363,
      "r": 0.9686464088,
      "f": 0.9719354168
    },
    "Tense": {
      "p": 0.9657832942,
      "r": 0.9579104974,
      "f": 0.9618307859
    },
    "Reflex": {
      "p": 1.0,
      "r": 0.9976303318,
      "f": 0.9988137604
    },
    "Poss": {
      "p": 0.9958847737,
      "r": 1.0,
      "f": 0.9979381443
    },
    "Foreign": {
      "p": 0.6666666667,
      "r": 0.1105527638,
      "f": 0.1896551724
    }
  },
  "dep_uas": 0.9204670103,
  "dep_las": 0.8988377422,
  "dep_las_per_type": {
    "cp": {
      "p": 0.9491833031,
      "r": 0.9561243144,
      "f": 0.9526411658
    },
    "nk": {
      "p": 0.9747394883,
      "r": 0.9789868057,
      "f": 0.9768585302
    },
    "sb": {
      "p": 0.9082840237,
      "r": 0.9154534292,
      "f": 0.9118546344
    },
    "ag": {
      "p": 0.9397201292,
      "r": 0.9651741294,
      "f": 0.9522770657
    },
    "mnr": {
      "p": 0.7431788653,
      "r": 0.7213114754,
      "f": 0.7320819113
    },
    "mo": {
      "p": 0.7789246043,
      "r": 0.8015375278,
      "f": 0.7900692956
    },
    "oc": {
      "p": 0.9109144543,
      "r": 0.9295605057,
      "f": 0.9201430274
    },
    "root": {
      "p": 0.9754150032,
      "r": 0.9592891093,
      "f": 0.967284851
    },
    "rc": {
      "p": 0.6780045351,
      "r": 0.6704035874,
      "f": 0.6741826381
    },
    "op": {
      "p": 0.714801444,
      "r": 0.5901639344,
      "f": 0.6465306122
    },
    "pm": {
      "p": 0.9914040115,
      "r": 0.9942528736,
      "f": 0.9928263989
    },
    "nmc": {
      "p": 0.978021978,
      "r": 0.9842022117,
      "f": 0.9811023622
    },
    "oa": {
      "p": 0.8465798046,
      "r": 0.8571899736,
      "f": 0.8518518519
    },
    "pd": {
      "p": 0.8115015974,
      "r": 0.7470588235,
      "f": 0.7779479326
    },
    "ep": {
      "p": 0.890625,
      "r": 0.8571428571,
      "f": 0.8735632184
    },
    "cd": {
      "p": 0.8639896373,
      "r": 0.8617571059,
      "f": 0.8628719276
    },
    "cj": {
      "p": 0.8416707139,
      "r": 0.8545364892,
      "f": 0.8480548079
    },
    "par": {
      "p": 0.5238095238,
      "r": 0.3235294118,
      "f": 0.4
    },
    "svp": {
      "p": 0.9384920635,
      "r": 0.9096153846,
      "f": 0.923828125
    },
    "pg": {
      "p": 0.8940397351,
      "r": 0.8598726115,
      "f": 0.8766233766
    },
    "da": {
      "p": 0.7854545455,
      "r": 0.5496183206,
      "f": 0.6467065868
    },
    "app": {
      "p": 0.6357615894,
      "r": 0.6464646465,
      "f": 0.6410684474
    },
    "ac": {
      "p": 0.9489795918,
      "r": 0.7948717949,
      "f": 0.8651162791
    },
    "pnc": {
      "p": 0.832,
      "r": 0.8103896104,
      "f": 0.8210526316
    },
    "ju": {
      "p": 0.9494949495,
      "r": 0.9494949495,
      "f": 0.9494949495
    },
    "ng": {
      "p": 0.811023622,
      "r": 0.8218085106,
      "f": 0.8163804491
    },
    "re": {
      "p": 0.7333333333,
      "r": 0.6547619048,
      "f": 0.6918238994
    },
    "cm": {
      "p": 0.8774509804,
      "r": 0.8605769231,
      "f": 0.8689320388
    },
    "cc": {
      "p": 0.7356321839,
      "r": 0.6432160804,
      "f": 0.6863270777
    },
    "sbp": {
      "p": 0.8173913043,
      "r": 0.8103448276,
      "f": 0.8138528139
    },
    "uc": {
      "p": 0.625,
      "r": 0.1666666667,
      "f": 0.2631578947
    },
    "cvc": {
      "p": 0.9,
      "r": 0.5696202532,
      "f": 0.6976744186
    },
    "ams": {
      "p": 0.7236842105,
      "r": 0.8088235294,
      "f": 0.7638888889
    },
    "rs": {
      "p": 0.6153846154,
      "r": 0.2580645161,
      "f": 0.3636363636
    },
    "ph": {
      "p": 0.75,
      "r": 0.4285714286,
      "f": 0.5454545455
    },
    "dm": {
      "p": 1.0,
      "r": 1.0,
      "f": 1.0
    },
    "oa2": {
      "p": 0.0,
      "r": 0.0,
      "f": 0.0
    },
    "vo": {
      "p": 0.0,
      "r": 0.0,
      "f": 0.0
    },
    "og": {
      "p": 0.25,
      "r": 0.1428571429,
      "f": 0.1818181818
    },
    "dep": {
      "p": 0.0,
      "r": 0.0,
      "f": 0.0
    },
    "adc": {
      "p": 0.75,
      "r": 1.0,
      "f": 0.8571428571
    }
  },
  "lemma_acc": 0.9750444337
}